"No.","Time","Source","Destination","Protocol","Length","Interarrival jitter","Info"
"506","2021-04-20 23:19:44,272375","200.57.7.204","200.57.7.196","RTCP","126","0,0","Sender Report   Receiver Report   "
"507","2021-04-20 23:19:44,272675","200.57.7.196","200.57.7.199","RTCP","126","0,0","Sender Report   Receiver Report   "
"523","2021-04-20 23:19:44,304230","200.57.7.199","200.57.7.196","RTCP","130","0","Sender Report   Source description   "
"525","2021-04-20 23:19:44,304681","200.57.7.196","200.57.7.204","RTCP","130","0","Sender Report   Source description   "
"531","2021-04-20 23:19:44,340199","200.57.7.204","200.57.7.196","RTCP","160","0,0","Sender Report   Receiver Report   Source description   "
"888","2021-04-20 23:19:48,043972","200.57.7.199","200.57.7.196","RTCP","130","0","Sender Report   Source description   "
"890","2021-04-20 23:19:48,044356","200.57.7.196","200.57.7.204","RTCP","130","0","Sender Report   Source description   "
"1192","2021-04-20 23:19:49,333576","200.57.7.204","200.57.7.196","RTCP","126","0,1888","Sender Report   Receiver Report   "
"1194","2021-04-20 23:19:49,334122","200.57.7.196","200.57.7.199","RTCP","126","0,1888","Sender Report   Receiver Report   "
"1573","2021-04-20 23:19:51,489418","192.168.62.1","192.168.62.128","RTCP","70","","Sender Report   "
"1578","2021-04-20 23:19:51,529693","192.168.62.128","192.168.62.1","RTCP","74","0","Receiver Report   "
"1654","2021-04-20 23:19:51,903904","200.57.7.199","200.57.7.196","RTCP","130","16","Sender Report   Source description   "
"1656","2021-04-20 23:19:51,904350","200.57.7.196","200.57.7.204","RTCP","130","16","Sender Report   Source description   "
"1739","2021-04-20 23:19:52,307074","192.168.62.1","192.168.62.128","RTCP","94","0","Sender Report   "
"1912","2021-04-20 23:19:53,125441","192.168.62.1","192.168.62.128","RTCP","94","0","Sender Report   "
"2105","2021-04-20 23:19:53,945234","192.168.62.1","192.168.62.128","RTCP","94","0","Sender Report   "
"2289","2021-04-20 23:19:54,374800","200.57.7.204","200.57.7.196","RTCP","126","0,1890","Sender Report   Receiver Report   "
"2290","2021-04-20 23:19:54,375217","200.57.7.196","200.57.7.199","RTCP","126","0,1890","Sender Report   Receiver Report   "
"2564","2021-04-20 23:19:55,574295","192.168.62.1","192.168.62.128","RTCP","94","0","Sender Report   "
"2662","2021-04-20 23:19:56,040793","192.168.62.128","192.168.62.1","RTCP","94","0","Sender Report   "
"3001","2021-04-20 23:19:57,213968","192.168.62.1","192.168.62.128","RTCP","94","0","Sender Report   "
"3248","2021-04-20 23:19:58,029965","192.168.62.1","192.168.62.128","RTCP","94","0","Sender Report   "
"3306","2021-04-20 23:19:58,223885","200.57.7.199","200.57.7.196","RTCP","130","0","Sender Report   Source description   "
"3308","2021-04-20 23:19:58,224268","200.57.7.196","200.57.7.204","RTCP","130","0","Sender Report   Source description   "
"3356","2021-04-20 23:19:58,389720","200.57.7.204","200.57.7.196","RTCP","160","0,2068","Sender Report   Receiver Report   Source description   "
"3664","2021-04-20 23:19:59,398908","200.57.7.204","200.57.7.196","RTCP","126","0,2878","Sender Report   Receiver Report   "
"3666","2021-04-20 23:19:59,399269","200.57.7.196","200.57.7.199","RTCP","126","0,2878","Sender Report   Receiver Report   "
"3723","2021-04-20 23:19:59,669946","192.168.62.1","192.168.62.128","RTCP","94","0","Sender Report   "
"3883","2021-04-20 23:20:00,486578","192.168.62.1","192.168.62.128","RTCP","94","0","Sender Report   "
"3890","2021-04-20 23:20:00,555081","192.168.62.128","192.168.62.1","RTCP","94","0","Sender Report   "
"4002","2021-04-20 23:20:01,309524","192.168.62.1","192.168.62.128","RTCP","94","0","Sender Report   "
"4083","2021-04-20 23:20:02,128018","192.168.62.1","192.168.62.128","RTCP","94","0","Sender Report   "
"4168","2021-04-20 23:20:02,783709","200.57.7.199","200.57.7.196","RTCP","130","4","Sender Report   Source description   "
"4169","2021-04-20 23:20:02,783969","200.57.7.196","200.57.7.204","RTCP","130","4","Sender Report   Source description   "
"4185","2021-04-20 23:20:02,948280","192.168.62.1","192.168.62.128","RTCP","94","0","Sender Report   "
"4343","2021-04-20 23:20:03,763947","192.168.62.1","192.168.62.128","RTCP","94","0","Sender Report   "
"4562","2021-04-20 23:20:04,432911","200.57.7.204","200.57.7.196","RTCP","126","0,7170","Sender Report   Receiver Report   "
"4564","2021-04-20 23:20:04,433301","200.57.7.196","200.57.7.199","RTCP","126","0,7170","Sender Report   Receiver Report   "
"4638","2021-04-20 23:20:04,584427","192.168.62.1","192.168.62.128","RTCP","94","0","Sender Report   "
"4741","2021-04-20 23:20:05,067167","192.168.62.128","192.168.62.1","RTCP","94","0","Sender Report   "
"4784","2021-04-20 23:20:05,406968","192.168.62.1","192.168.62.128","RTCP","94","0","Sender Report   "
"4946","2021-04-20 23:20:06,228259","192.168.62.1","192.168.62.128","RTCP","94","0","Sender Report   "
"5182","2021-04-20 23:20:07,044689","192.168.62.1","192.168.62.128","RTCP","94","0","Sender Report   "
"5354","2021-04-20 23:20:07,703687","200.57.7.199","200.57.7.196","RTCP","130","20","Sender Report   Source description   "
"5356","2021-04-20 23:20:07,704071","200.57.7.196","200.57.7.204","RTCP","130","20","Sender Report   Source description   "
"5391","2021-04-20 23:20:07,862896","192.168.62.1","192.168.62.128","RTCP","94","0","Sender Report   "
"5615","2021-04-20 23:20:08,683015","192.168.62.1","192.168.62.128","RTCP","94","0","Sender Report   "
"5786","2021-04-20 23:20:09,485540","200.57.7.204","200.57.7.196","RTCP","126","0,9244","Sender Report   Receiver Report   "
"5787","2021-04-20 23:20:09,485922","200.57.7.196","200.57.7.199","RTCP","126","0,9244","Sender Report   Receiver Report   "
"5790","2021-04-20 23:20:09,497226","192.168.62.1","192.168.62.128","RTCP","94","0","Sender Report   "
"5835","2021-04-20 23:20:09,581194","192.168.62.128","192.168.62.1","RTCP","94","0","Sender Report   "
"6056","2021-04-20 23:20:10,319099","192.168.62.1","192.168.62.128","RTCP","94","0","Sender Report   "
"6263","2021-04-20 23:20:11,956587","192.168.62.1","192.168.62.128","RTCP","94","0","Sender Report   "
"6340","2021-04-20 23:20:12,771990","192.168.62.1","192.168.62.128","RTCP","94","0","Sender Report   "
"6414","2021-04-20 23:20:13,591202","192.168.62.1","192.168.62.128","RTCP","94","0","Sender Report   "
"6461","2021-04-20 23:20:14,090837","192.168.62.128","192.168.62.1","RTCP","94","0","Sender Report   "
"6489","2021-04-20 23:20:14,413690","192.168.62.1","192.168.62.128","RTCP","94","0","Sender Report   "
"6566","2021-04-20 23:20:15,233158","192.168.62.1","192.168.62.128","RTCP","94","0","Sender Report   "
"6641","2021-04-20 23:20:16,053927","192.168.62.1","192.168.62.128","RTCP","94","0","Sender Report   "
"6795","2021-04-20 23:20:17,688707","192.168.62.1","192.168.62.128","RTCP","94","0","Sender Report   "
"6873","2021-04-20 23:20:18,510386","192.168.62.1","192.168.62.128","RTCP","94","0","Sender Report   "
"6882","2021-04-20 23:20:18,603393","192.168.62.128","192.168.62.1","RTCP","94","0","Sender Report   "
"6951","2021-04-20 23:20:19,327751","192.168.62.1","192.168.62.128","RTCP","94","0","Sender Report   "
"7029","2021-04-20 23:20:20,148098","192.168.62.1","192.168.62.128","RTCP","94","0","Sender Report   "
"7108","2021-04-20 23:20:20,969556","192.168.62.1","192.168.62.128","RTCP","94","0","Sender Report   "
"7185","2021-04-20 23:20:21,790197","192.168.62.1","192.168.62.128","RTCP","94","0","Sender Report   "
"7260","2021-04-20 23:20:22,603025","192.168.62.1","192.168.62.128","RTCP","94","0","Sender Report   "
"7309","2021-04-20 23:20:23,115330","192.168.62.128","192.168.62.1","RTCP","94","0","Sender Report   "
"7338","2021-04-20 23:20:23,425749","192.168.62.1","192.168.62.128","RTCP","94","0","Sender Report   "
"7416","2021-04-20 23:20:24,242227","192.168.62.1","192.168.62.128","RTCP","94","0","Sender Report   "
"7490","2021-04-20 23:20:25,062153","192.168.62.1","192.168.62.128","RTCP","94","0","Sender Report   "
"7570","2021-04-20 23:20:25,880897","192.168.62.1","192.168.62.128","RTCP","94","0","Sender Report   "
"7649","2021-04-20 23:20:26,697260","192.168.62.1","192.168.62.128","RTCP","94","0","Sender Report   "
"7728","2021-04-20 23:20:27,516342","192.168.62.1","192.168.62.128","RTCP","94","0","Sender Report   "
"7739","2021-04-20 23:20:27,624046","192.168.62.128","192.168.62.1","RTCP","94","0","Sender Report   "
"7965","2021-04-20 23:20:29,970795","192.168.62.1","192.168.62.128","RTCP","94","0","Sender Report   "
"8040","2021-04-20 23:20:30,787001","192.168.62.1","192.168.62.128","RTCP","94","0","Sender Report   "
"8118","2021-04-20 23:20:31,608479","192.168.62.1","192.168.62.128","RTCP","94","0","Sender Report   "
"8165","2021-04-20 23:20:32,133213","192.168.62.128","192.168.62.1","RTCP","94","0","Sender Report   "
"8191","2021-04-20 23:20:32,426147","192.168.62.1","192.168.62.128","RTCP","94","0","Sender Report   "
"8267","2021-04-20 23:20:33,244775","192.168.62.1","192.168.62.128","RTCP","94","0","Sender Report   "
"8342","2021-04-20 23:20:34,060454","192.168.62.1","192.168.62.128","RTCP","94","0","Sender Report   "
"8422","2021-04-20 23:20:34,879501","192.168.62.1","192.168.62.128","RTCP","94","0","Sender Report   "
"8500","2021-04-20 23:20:35,698677","192.168.62.1","192.168.62.128","RTCP","94","0","Sender Report   "
"8573","2021-04-20 23:20:36,519542","192.168.62.1","192.168.62.128","RTCP","94","0","Sender Report   "
"8586","2021-04-20 23:20:36,647527","192.168.62.128","192.168.62.1","RTCP","94","0","Sender Report   "
"8654","2021-04-20 23:20:37,339153","192.168.62.1","192.168.62.128","RTCP","94","0","Sender Report   "
"8809","2021-04-20 23:20:38,974360","192.168.62.1","192.168.62.128","RTCP","94","0","Sender Report   "
"8887","2021-04-20 23:20:39,795397","192.168.62.1","192.168.62.128","RTCP","94","0","Sender Report   "
"8964","2021-04-20 23:20:40,611006","192.168.62.1","192.168.62.128","RTCP","94","0","Sender Report   "
"9012","2021-04-20 23:20:41,157499","192.168.62.128","192.168.62.1","RTCP","94","0","Sender Report   "
"9035","2021-04-20 23:20:41,428714","192.168.62.1","192.168.62.128","RTCP","94","0","Sender Report   "
"9105","2021-04-20 23:20:42,246214","192.168.62.1","192.168.62.128","RTCP","94","0","Sender Report   "
"9182","2021-04-20 23:20:43,066504","192.168.62.1","192.168.62.128","RTCP","94","0","Sender Report   "
"9261","2021-04-20 23:20:43,885837","192.168.62.1","192.168.62.128","RTCP","94","0","Sender Report   "
"9416","2021-04-20 23:20:45,520275","192.168.62.1","192.168.62.128","RTCP","94","0","Sender Report   "
"9432","2021-04-20 23:20:45,667818","192.168.62.128","192.168.62.1","RTCP","94","0","Sender Report   "
"9493","2021-04-20 23:20:46,340336","192.168.62.1","192.168.62.128","RTCP","94","0","Sender Report   "
"9568","2021-04-20 23:20:47,156194","192.168.62.1","192.168.62.128","RTCP","94","0","Sender Report   "
"9646","2021-04-20 23:20:47,972069","192.168.62.1","192.168.62.128","RTCP","94","0","Sender Report   "
"9721","2021-04-20 23:20:48,786481","192.168.62.1","192.168.62.128","RTCP","94","0","Sender Report   "
"9799","2021-04-20 23:20:49,605058","192.168.62.1","192.168.62.128","RTCP","94","0","Sender Report   "
"9855","2021-04-20 23:20:50,182695","192.168.62.128","192.168.62.1","RTCP","94","0","Sender Report   "
"9878","2021-04-20 23:20:50,422409","192.168.62.1","192.168.62.128","RTCP","94","0","Sender Report   "
"9952","2021-04-20 23:20:51,237813","192.168.62.1","192.168.62.128","RTCP","94","0","Sender Report   "
"10099","2021-04-20 23:20:52,874933","192.168.62.1","192.168.62.128","RTCP","94","0","Sender Report   "
"10178","2021-04-20 23:20:53,698909","192.168.62.1","192.168.62.128","RTCP","94","0","Sender Report   "
"10254","2021-04-20 23:20:54,514895","192.168.62.1","192.168.62.128","RTCP","94","0","Sender Report   "
"10270","2021-04-20 23:20:54,694460","192.168.62.128","192.168.62.1","RTCP","94","0","Sender Report   "
"10327","2021-04-20 23:20:55,331239","192.168.62.1","192.168.62.128","RTCP","94","0","Sender Report   "
"10400","2021-04-20 23:20:56,152594","192.168.62.1","192.168.62.128","RTCP","94","0","Sender Report   "
"10688","2021-04-20 23:20:59,204939","192.168.62.128","192.168.62.1","RTCP","94","0","Sender Report   "
"10709","2021-04-20 23:20:59,427349","192.168.62.1","192.168.62.128","RTCP","94","0","Sender Report   "
"10786","2021-04-20 23:21:00,241044","192.168.62.1","192.168.62.128","RTCP","94","0","Sender Report   "
"10865","2021-04-20 23:21:01,059915","192.168.62.1","192.168.62.128","RTCP","94","0","Sender Report   "
"10940","2021-04-20 23:21:01,878280","192.168.62.1","192.168.62.128","RTCP","94","0","Sender Report   "
"11014","2021-04-20 23:21:02,695689","192.168.62.1","192.168.62.128","RTCP","94","0","Sender Report   "
"11092","2021-04-20 23:21:03,515471","192.168.62.1","192.168.62.128","RTCP","94","0","Sender Report   "
"11111","2021-04-20 23:21:03,714803","192.168.62.128","192.168.62.1","RTCP","94","0","Sender Report   "
"11169","2021-04-20 23:21:04,333685","192.168.62.1","192.168.62.128","RTCP","94","0","Sender Report   "
"11248","2021-04-20 23:21:05,157893","192.168.62.1","192.168.62.128","RTCP","94","0","Sender Report   "
"11397","2021-04-20 23:21:06,789067","192.168.62.1","192.168.62.128","RTCP","94","0","Sender Report   "
"11474","2021-04-20 23:21:07,613778","192.168.62.1","192.168.62.128","RTCP","94","0","Sender Report   "
"11531","2021-04-20 23:21:08,228168","192.168.62.128","192.168.62.1","RTCP","94","0","Sender Report   "
"11552","2021-04-20 23:21:08,429254","192.168.62.1","192.168.62.128","RTCP","94","0","Sender Report   "
"11630","2021-04-20 23:21:09,246627","192.168.62.1","192.168.62.128","RTCP","94","0","Sender Report   "
"11711","2021-04-20 23:21:10,066798","192.168.62.1","192.168.62.128","RTCP","94","0","Sender Report   "
"11793","2021-04-20 23:21:10,885728","192.168.62.1","192.168.62.128","RTCP","94","0","Sender Report   "
"11868","2021-04-20 23:21:11,704727","192.168.62.1","192.168.62.128","RTCP","94","0","Sender Report   "
"11946","2021-04-20 23:21:12,522590","192.168.62.1","192.168.62.128","RTCP","94","0","Sender Report   "
"11967","2021-04-20 23:21:12,741952","192.168.62.128","192.168.62.1","RTCP","94","0","Sender Report   "
"12021","2021-04-20 23:21:13,339969","192.168.62.1","192.168.62.128","RTCP","94","0","Sender Report   "
"12098","2021-04-20 23:21:14,159450","192.168.62.1","192.168.62.128","RTCP","94","0","Sender Report   "
"12173","2021-04-20 23:21:14,976793","192.168.62.1","192.168.62.128","RTCP","94","0","Sender Report   "
"12253","2021-04-20 23:21:15,797333","192.168.62.1","192.168.62.128","RTCP","94","0","Sender Report   "
"12330","2021-04-20 23:21:16,611756","192.168.62.1","192.168.62.128","RTCP","94","0","Sender Report   "
"12391","2021-04-20 23:21:17,251913","192.168.62.128","192.168.62.1","RTCP","94","0","Sender Report   "
"12408","2021-04-20 23:21:17,430669","192.168.62.1","192.168.62.128","RTCP","94","0","Sender Report   "
"12561","2021-04-20 23:21:19,065257","192.168.62.1","192.168.62.128","RTCP","94","0","Sender Report   "
"12640","2021-04-20 23:21:19,886186","192.168.62.1","192.168.62.128","RTCP","94","0","Sender Report   "
"12791","2021-04-20 23:21:21,521920","192.168.62.1","192.168.62.128","RTCP","94","0","Sender Report   "
"12813","2021-04-20 23:21:21,763260","192.168.62.128","192.168.62.1","RTCP","94","0","Sender Report   "
"12864","2021-04-20 23:21:22,339658","192.168.62.1","192.168.62.128","RTCP","94","0","Sender Report   "
"12938","2021-04-20 23:21:23,160943","192.168.62.1","192.168.62.128","RTCP","94","0","Sender Report   "
"13018","2021-04-20 23:21:23,980885","192.168.62.1","192.168.62.128","RTCP","94","0","Sender Report   "
"13094","2021-04-20 23:21:24,796014","192.168.62.1","192.168.62.128","RTCP","94","0","Sender Report   "
"13173","2021-04-20 23:21:25,612273","192.168.62.1","192.168.62.128","RTCP","94","0","Sender Report   "
"13236","2021-04-20 23:21:26,276941","192.168.62.128","192.168.62.1","RTCP","94","0","Sender Report   "
"13325","2021-04-20 23:21:27,251467","192.168.62.1","192.168.62.128","RTCP","94","0","Sender Report   "
"13403","2021-04-20 23:21:28,079638","192.168.62.1","192.168.62.128","RTCP","94","0","Sender Report   "
"13475","2021-04-20 23:21:28,894878","192.168.62.1","192.168.62.128","RTCP","94","0","Sender Report   "
"13553","2021-04-20 23:21:29,706681","192.168.62.1","192.168.62.128","RTCP","94","0","Sender Report   "
"13627","2021-04-20 23:21:30,523934","192.168.62.1","192.168.62.128","RTCP","94","0","Sender Report   "
"13650","2021-04-20 23:21:30,790106","192.168.62.128","192.168.62.1","RTCP","94","0","Sender Report   "
"13705","2021-04-20 23:21:31,343908","192.168.62.1","192.168.62.128","RTCP","94","0","Sender Report   "
"13784","2021-04-20 23:21:32,162332","192.168.62.1","192.168.62.128","RTCP","94","0","Sender Report   "
"13862","2021-04-20 23:21:32,982337","192.168.62.1","192.168.62.128","RTCP","94","0","Sender Report   "
"14023","2021-04-20 23:21:34,616895","192.168.62.1","192.168.62.128","RTCP","94","0","Sender Report   "
"14085","2021-04-20 23:21:35,301095","192.168.62.128","192.168.62.1","RTCP","94","0","Sender Report   "
"14100","2021-04-20 23:21:35,435861","192.168.62.1","192.168.62.128","RTCP","94","0","Sender Report   "
"14176","2021-04-20 23:21:36,254380","192.168.62.1","192.168.62.128","RTCP","94","0","Sender Report   "
"14255","2021-04-20 23:21:37,076048","192.168.62.1","192.168.62.128","RTCP","94","0","Sender Report   "
"14332","2021-04-20 23:21:37,892378","192.168.62.1","192.168.62.128","RTCP","94","0","Sender Report   "
"14414","2021-04-20 23:21:38,708661","192.168.62.1","192.168.62.128","RTCP","94","0","Sender Report   "
"14490","2021-04-20 23:21:39,525755","192.168.62.1","192.168.62.128","RTCP","94","0","Sender Report   "
"14521","2021-04-20 23:21:39,810425","192.168.62.128","192.168.62.1","RTCP","94","0","Sender Report   "
"14569","2021-04-20 23:21:40,345571","192.168.62.1","192.168.62.128","RTCP","94","0","Sender Report   "
"14646","2021-04-20 23:21:41,161950","192.168.62.1","192.168.62.128","RTCP","94","0","Sender Report   "
"14721","2021-04-20 23:21:41,981020","192.168.62.1","192.168.62.128","RTCP","94","0","Sender Report   "
"14800","2021-04-20 23:21:42,796364","192.168.62.1","192.168.62.128","RTCP","94","0","Sender Report   "
"14875","2021-04-20 23:21:43,613852","192.168.62.1","192.168.62.128","RTCP","94","0","Sender Report   "
"14945","2021-04-20 23:21:44,324222","192.168.62.128","192.168.62.1","RTCP","94","0","Sender Report   "
"14956","2021-04-20 23:21:44,431670","192.168.62.1","192.168.62.128","RTCP","94","0","Sender Report   "
"15034","2021-04-20 23:21:45,248870","192.168.62.1","192.168.62.128","RTCP","94","0","Sender Report   "
"15111","2021-04-20 23:21:46,065337","192.168.62.1","192.168.62.128","RTCP","94","0","Sender Report   "
"15190","2021-04-20 23:21:46,886109","192.168.62.1","192.168.62.128","RTCP","94","0","Sender Report   "
"15270","2021-04-20 23:21:47,704782","192.168.62.1","192.168.62.128","RTCP","94","0","Sender Report   "
"15374","2021-04-20 23:21:48,834517","192.168.62.128","192.168.62.1","RTCP","94","0","Sender Report   "
"15426","2021-04-20 23:21:49,342235","192.168.62.1","192.168.62.128","RTCP","94","0","Sender Report   "
"15660","2021-04-20 23:21:51,792349","192.168.62.1","192.168.62.128","RTCP","94","0","Sender Report   "
"15740","2021-04-20 23:21:52,608237","192.168.62.1","192.168.62.128","RTCP","94","0","Sender Report   "
"15811","2021-04-20 23:21:53,346719","192.168.62.128","192.168.62.1","RTCP","94","0","Sender Report   "
"15818","2021-04-20 23:21:53,430898","192.168.62.1","192.168.62.128","RTCP","94","0","Sender Report   "
"15896","2021-04-20 23:21:54,246917","192.168.62.1","192.168.62.128","RTCP","94","0","Sender Report   "
"15977","2021-04-20 23:21:55,063495","192.168.62.1","192.168.62.128","RTCP","94","0","Sender Report   "
"16057","2021-04-20 23:21:55,880105","192.168.62.1","192.168.62.128","RTCP","94","0","Sender Report   "
"16139","2021-04-20 23:21:56,698177","192.168.62.1","192.168.62.128","RTCP","94","0","Sender Report   "
"16251","2021-04-20 23:21:57,855567","192.168.62.128","192.168.62.1","RTCP","94","0","Sender Report   "
"16299","2021-04-20 23:21:58,341903","192.168.62.1","192.168.62.128","RTCP","94","0","Sender Report   "
"16455","2021-04-20 23:21:59,982823","192.168.62.1","192.168.62.128","RTCP","94","0","Sender Report   "
"16531","2021-04-20 23:22:00,797719","192.168.62.1","192.168.62.128","RTCP","94","0","Sender Report   "
"16608","2021-04-20 23:22:01,617668","192.168.62.1","192.168.62.128","RTCP","94","0","Sender Report   "
"16672","2021-04-20 23:22:02,368831","192.168.62.128","192.168.62.1","RTCP","94","0","Sender Report   "
"16679","2021-04-20 23:22:02,440749","192.168.62.1","192.168.62.128","RTCP","94","0","Sender Report   "
"16753","2021-04-20 23:22:03,256731","192.168.62.1","192.168.62.128","RTCP","94","0","Sender Report   "
"16825","2021-04-20 23:22:04,006960","192.168.62.128","192.168.62.1","RTCP","50","","Goodbye   "
"16835","2021-04-20 23:22:04,071849","192.168.62.1","192.168.62.128","RTCP","94","0","Sender Report   "
"16836","2021-04-20 23:22:04,071854","192.168.62.128","192.168.62.1","ICMP","122","0","Destination unreachable (Port unreachable)"
"16838","2021-04-20 23:22:04,079489","192.168.62.1","192.168.62.128","RTCP","60","","Goodbye   "
"16839","2021-04-20 23:22:04,079497","192.168.62.128","192.168.62.1","ICMP","78","","Destination unreachable (Port unreachable)"
